Index,Original_Predicted_Affinity
0,-9.9788885
1,-10.881834
2,-11.126499
3,-13.497811
4,-10.278
5,-13.297632
6,-11.062048
7,-11.132643
8,-11.134736
9,-8.023583
10,-7.864369
11,-11.167309
12,-12.252984
13,-11.135066
14,-12.843278
15,-10.01044
16,-12.690279
17,-11.706307
18,-11.127559
19,-11.1038065
20,-11.944618
21,-12.30742
22,-8.955609
23,-9.58897
24,-11.227409
25,-14.207987
26,-11.074883
27,-11.278787
28,-11.227409
29,-12.072087
